10	engineering-manager	2
11	senior-platform-engineer	2
12	engineering-manager	2
17	engineering-manager	2
19	senior-sre	2
20	engineering-manager	2
21	engineering-manager	2
22	engineering-manager	2
23	engineering-manager	2
24	senior-platform-engineer	2
25	senior-platform-engineer	2
26	engineering-manager	2
30	senior-platform-engineer	2
31	senior-platform-engineer	2
32	senior-sre	2
33	senior-platform-engineer	2
36	senior-platform-engineer	2
37	senior-platform-engineer	2
4	engineering-manager	2
41	senior-sre	2
49	senior-platform-engineer	2
5	senior-platform-engineer	2
52	engineering-manager	2
7	senior-platform-engineer	2
9	engineering-manager	2
BASE	engineering-manager	2
BASE	senior-devops	2
BASE	senior-platform-engineer	2
BASE	senior-sre	2
